data,loja,produto,categoria,regiao,quantidade,preco_unitario
2025-01-05,Loja Centro,Notebook,Informatica,Centro,2,3500
2025-01-08,Loja Norte,Celular,Eletronicos,Norte,4,2200
2025-01-12,Loja Sul,Fone,Acessorios,Sul,8,250
2025-01-18,Loja Leste,Tablet,Eletronicos,Leste,3,1500
2025-02-03,Loja Centro,Monitor,Informatica,Centro,5,1200
2025-02-10,Loja Norte,Mouse,Acessorios,Norte,12,100
2025-02-15,Loja Sul,Notebook,Informatica,Sul,1,3500
2025-02-22,Loja Leste,Celular,Eletronicos,Leste,6,2200
2025-03-04,Loja Centro,Teclado,Acessorios,Centro,10,180
2025-03-11,Loja Norte,Tablet,Eletronicos,Norte,4,1500
2025-03-20,Loja Sul,Monitor,Informatica,Sul,3,1200
2025-03-28,Loja Leste,Fone,Acessorios,Leste,15,250
2025-04-06,Loja Centro,Celular,Eletronicos,Centro,5,2200
2025-04-14,Loja Norte,Notebook,Informatica,Norte,2,3500
2025-04-21,Loja Sul,Mouse,Acessorios,Sul,20,100
2025-04-29,Loja Leste,Tablet,Eletronicos,Leste,5,1500
2025-05-03,Loja Centro,Monitor,Informatica,Centro,4,1200
2025-05-12,Loja Norte,Fone,Acessorios,Norte,18,250
2025-05-19,Loja Sul,Celular,Eletronicos,Sul,7,2200
2025-05-27,Loja Leste,Notebook,Informatica,Leste,2,3500
2025-06-05,Loja Centro,Tablet,Eletronicos,Centro,6,1500
2025-06-13,Loja Norte,Teclado,Acessorios,Norte,14,180
2025-06-20,Loja Sul,Monitor,Informatica,Sul,4,1200
2025-06-28,Loja Leste,Celular,Eletronicos,Leste,8,2200
2025-07-04,Loja Centro,Fone,Acessorios,Centro,20,250
2025-07-12,Loja Norte,Notebook,Informatica,Norte,3,3500
2025-07-19,Loja Sul,Tablet,Eletronicos,Sul,5,1500
2025-07-27,Loja Leste,Mouse,Acessorios,Leste,25,100
2025-08-06,Loja Centro,Celular,Eletronicos,Centro,6,2200
2025-08-14,Loja Norte,Monitor,Informatica,Norte,5,1200
2025-08-21,Loja Sul,Fone,Acessorios,Sul,16,250
2025-08-29,Loja Leste,Notebook,Informatica,Leste,2,3500
2025-09-05,Loja Centro,Teclado,Acessorios,Centro,18,180
2025-09-13,Loja Norte,Tablet,Eletronicos,Norte,7,1500
2025-09-20,Loja Sul,Celular,Eletronicos,Sul,9,2200
2025-09-28,Loja Leste,Monitor,Informatica,Leste,4,1200
2025-10-07,Loja Centro,Notebook,Informatica,Centro,3,3500
2025-10-15,Loja Norte,Mouse,Acessorios,Norte,22,100
2025-10-22,Loja Sul,Tablet,Eletronicos,Sul,6,1500
2025-10-30,Loja Leste,Fone,Acessorios,Leste,20,250
2025-11-06,Loja Centro,Celular,Eletronicos,Centro,8,2200
2025-11-14,Loja Norte,Monitor,Informatica,Norte,6,1200
2025-11-21,Loja Sul,Notebook,Informatica,Sul,2,3500
2025-11-29,Loja Leste,Teclado,Acessorios,Leste,16,180
2025-12-05,Loja Centro,Tablet,Eletronicos,Centro,7,1500
2025-12-13,Loja Norte,Fone,Acessorios,Norte,24,250
2025-12-20,Loja Sul,Celular,Eletronicos,Sul,10,2200
2025-12-28,Loja Leste,Notebook,Informatica,Leste,3,3500